class,count,rate
Not <30,88029,0.88611175422526
<30,11314,0.11388824577474005
