model_type,best_model_name,validation_pr_auc,validation_roc_auc,validation_recall,validation_precision,validation_f1,validation_accuracy
CatBoost,NegRefineCat_d6_lr002_neg7.5_seed37,0.2878723192658812,0.7109012644087057,0.4052838673412029,0.2825235109717868,0.3329485107365504,0.8083073452325659
Logistic stacker / linear ensemble,LogisticStacker,0.2720837765875604,0.7088756764858075,0.5272625070264193,0.2359748427672956,0.3260340632603406,0.7426846261031119
XGBoost,XGBoost_depth4_spw1,0.2708317045584329,0.7024699629559898,0.4631815626756604,0.2486421243210621,0.3235813862163754,0.7714153009090305
LightGBM,LightGBM_leaves31_spw1,0.2606656975061306,0.7033496503579308,0.4513771781899944,0.2548397334179625,0.3257606490872211,0.7794439652312388
Random Forest,RandomForest_ordinal_balanced,0.254535231630287,0.6989122857587019,0.4912872400224845,0.2410369553226696,0.3234042553191489,0.7573485501957402
Extra Trees,ExtraTrees_ordinal_balanced,0.2523189927451382,0.6934080810715579,0.4075323215289488,0.2549226441631504,0.3136491455764655,0.789463207484573
Neural network,EmbeddingMLP_512_256_do0.30_pw0.75,0.1817564633231043,0.6464859466225794,0.3188097768331562,0.1937984496124031,0.2410606669345118,0.8200266768292683
Majority/prevalence baseline,Always predict not readmitted / prevalence PR-AUC,0.118041271315772,0.5,0.0,0.0,0.0,0.881958728684228
