comparison_group,model_name,pr_auc,roc_auc,recall,precision,f1,accuracy
Optuna CatBoost search,OptunaCat_trial001,0.2415173498930586,0.6816812084807276,0.4446483180428134,0.2159833630421865,0.2907418516296741,0.7607903965470731
Best observed CatBoost variant,NegRefineCat_d6_lr002_neg8_seed202,0.2415173498930586,0.6816812084807276,0.4446483180428134,0.2159833630421865,0.2907418516296741,0.7607903965470731
Final validation-selected CatBoost,NegRefineCat_d6_lr002_neg7.5_seed37,0.2414058407010183,0.6827043624978588,0.4226299694189602,0.2222579607590865,0.2913153456998313,0.7732667925546264
Patient-history CatBoost tuning,HistoryTuneCat_d6_lr0015_l210_sqrt,0.2389089378628682,0.6838382693444838,0.3730886850152905,0.2399685287175452,0.2920756523820924,0.8005799838144052
Best heterogeneous ensemble/model,score_average,0.2307645199048368,0.6816923811186129,0.4966360856269113,0.2032540675844806,0.2884547069271758,0.7298354464526572
CatBoost before patient-history features,AllEncCat_d6_lr0015_l210_custom025,0.2289713100596354,0.6796681402031612,0.381651376146789,0.2213550904576091,0.2801975752132914,0.7837874291880227
Majority/prevalence baseline,Always predict not readmitted / prevalence PR-AUC,0.1102643647154033,0.5,0.0,0.0,0.0,0.8897356352845966
