model_family,model_name,validation_pr_auc,validation_roc_auc,validation_recall,validation_precision,validation_f1,validation_accuracy
Negative-ratio refinement,score_average_top3_validation_members,0.2880276359138101,0.7111631216974984,0.4260820685778527,0.275937386239534,0.3349536014140521,0.8002786809103576
Optuna CatBoost,OptunaCat_trial000,0.2878723192658812,0.7109012644087057,0.4052838673412029,0.2825235109717868,0.3329485107365504,0.8083073452325659
Patient-history tuning,HistoryTuneCat_d6_lr0015_l210_cw025,0.2850776508921959,0.7103780150168726,0.4187745924676784,0.2793400824896888,0.3351327035537562,0.8038617211863844
Heterogeneous search,score_average,0.2726621684925274,0.7086000750725224,0.5182686902754357,0.2372619660319094,0.3255075022065313,0.7464667241722514
CatBoost before history,AllEncCat_d6_lr0015_l210_custom025,0.2704528765905157,0.7001224453478634,0.3934794828555368,0.2737583105201407,0.3228782287822878,0.8051887731404684
