column,missing_count,missing_rate
weight,96218,0.9685433296759711
medical_specialty,48616,0.489375195031356
payer_code,39398,0.39658556717634863
race,2234,0.02248774448124176
diag_3,1419,0.014283844860735029
diag_2,356,0.003583543883313369
diag_1,20,0.00020132269007378477
