split,rows,patients,positive_rate
train,69444,48992,0.11376072806865964
validation,15071,10499,0.11804127131577201
test,14828,10499,0.1102643647154033
