split,rows,positive,positive_rate
train,48981,4394,0.08970825422102448
validation,10496,941,0.0896532012195122
test,10496,942,0.0897484756097561
